source_engine,seed_topic,title,source,published,url,snippet,query
GDELT,台股大盤,,,,,,台股 OR 加權指數 OR 外資 投信
GoogleNewsRSS,台股大盤,三大法人買賣超 – 外資買超(2303)聯電、(2317)鴻海，投信買超(2382)廣達、(3231)緯創，法人合計買超515.66億元 - sinotrade.com.tw,Google News,"Wed, 03 Jun 2026 08:57:58 GMT",https://news.google.com/rss/articles/CBMitgRBVV95cUxQR0JodFhhQ1NVMVRubHlwTGNZclBPU1lILU1xWTZxTDNGNklyWlFpaGdON1JsbG9aeVdIUHZ1WVBEZ3RrcVJwWUV6V2dlTnUzazdPWjY3UUVxSjZweHgyMWlMbjIxZUJHNnRMTWZ4dG4wRmo1WmZHSmZzeEJqRmQ5YnhtTVVRRl9xWHhPZTJZZnNNU0RXb2JLMHhrZG5CU3E0N3Zmc19mSzV1cHprbmpRX2hOTHpUeUxHaDZZQWdUak1TWm4xdWZsM3J1R0lzc3ZTX2stVGx0YXkzS3V5ZHNLblA4RmJOY2NOUUluNmdiV1FPS0tZcUFvZWN3SGZPS3phTWJpeFJ6UHJOSFl5UzZTMFpIeDVMOHN3RmtSdy1tNnRwYW1hMV92dWEyNm1ZRDZGdVRKZUV1N0h3dUZldGFMNWdsYndDNjdwMjRUU0xvR3ZTMVhKcVVkcVRyQV83YlU2RFRjMTNMQWRvb3dWRlJoYXRVcU1YVm1KYWlIUXl3OHIxb2JDZDNjcE50M3BCYUhaajZ5X0tjX1lHaXpZRTZXQ2xya3hkSVowSGVNb2tIeGppYnZ3bUV0YUJiT21NaW1jOHVhZG1ESDl6UWI1UzJMTmhLcFZyNzI1ZmlXTklFT2hDTDdUdEQxLU45a0VSUjdIQ0hfRWQ1clhKN0p3QTNZMDVIWUtzbjliSzk3eEhtYzlJaTFpWkZCY092WUNSdXlob1o4VWdkWHNXNG5FT3lURUFsLTNwQQ?oc=5,三大法人買賣超 – 外資買超(2303)聯電、(2317)鴻海，投信買超(2382)廣達、(3231)緯創，法人合計買超515.66億元 sinotrade.com.tw,台股 OR 加權指數 OR 外資 投信
GoogleNewsRSS,台股大盤,大摩喊出目標價210元！外資、投信、自營商全買超「這代工大廠」爆11萬天量 網嗨：史上最大買 - Yahoo股市,Google News,"Tue, 02 Jun 2026 13:00:00 GMT",https://news.google.com/rss/articles/CBMi-AJBVV95cUxPbGtkd1RoVnV1dzJnZi1FYmRrZDVUVVFiOXZHTWx2SEhWelFmUDZWSkpoeWNINWlTN3NlWHdnUVNkd1BQSGF5NWtRZ2VsRWpPTHZ1Z0ItVEZvaEowSHdDckZOcVlnM2ktQVdLOElPWDdUZlZjVVFvWnNHcUpfV3JpSWdMclJheTFNTmN0ZXNfc0ZlamMxcEd6cDJzbkRMVTZsblhqa3F1RWU2TzVtNkcyMm41d1RkUmtmZFE4dWhLMkFTQVRqYnJJN25OOHIwdHhYOGlQQl9GemQwZjZmR3g3dno4dW94SkxuZUhBWEhEbGpSenYwQ3RvbHY5a3d5dVk3NWROS3ZJM3N5VzB1UmtRQ0h0RlEtQ1c0Z0x2MldxSDR0VFRHY3ozck1vOHZLUlltZ0FuVldwZ2dyM3ZlUTRTcVJ5Q3g5Y2V5SVI2QS1SX21OVTZ1cFdrXzQ4bDEzUEVjb2k2bTJRdHoxT1RnT2hua1lLdHIwV2tH?oc=5,大摩喊出目標價210元！外資、投信、自營商全買超「這代工大廠」爆11萬天量 網嗨：史上最大買 Yahoo股市,台股 OR 加權指數 OR 外資 投信
GoogleNewsRSS,台股大盤,國泰投信張雍川：總經環境多變 擁多元債增資產配置彈性才是王道 - news.cnyes.com,Google News,"Wed, 03 Jun 2026 12:21:38 GMT",https://news.google.com/rss/articles/CBMiT0FVX3lxTE1YX2piZC1lZDlDN0NIbUNBRk00WnJkUFhzUTF6M1VBeDhqMGprbG5Zalo5dTRxenMxeTFtLW5DaHpQUUlFRjNVazFYdUNEVGM?oc=5,國泰投信張雍川：總經環境多變 擁多元債增資產配置彈性才是王道 news.cnyes.com,台股 OR 加權指數 OR 外資 投信
GoogleNewsRSS,台股大盤,台股站高崗投信先溜了陽明、富邦金...4檔狠砍逾萬張聯電出大事- 上市櫃 - 旺得富理財網,Google News,"Wed, 03 Jun 2026 08:58:10 GMT",https://news.google.com/rss/articles/CBMiakFVX3lxTFBZRXIxOUlSN18tQVVreDV3amFHNUJGTHRVMUtrUlgwTFpUcWZIbmJnbXY2aDA1N2s0ajVMNGk5c2ZuZkVwOVhpQ05FWGNqU0ppbzJ4Ukp3MDRCdkZWLVhydlZ3d3BQaUE0Z1E?oc=5,台股站高崗投信先溜了陽明、富邦金...4檔狠砍逾萬張聯電出大事- 上市櫃 旺得富理財網,台股 OR 加權指數 OR 外資 投信
GoogleNewsRSS,台股大盤,聯電慘遭投信重砍居賣超首位！ 00919還有逾43萬張等著殺出 - ETtoday財經雲,Google News,"Wed, 03 Jun 2026 10:31:00 GMT",https://news.google.com/rss/articles/CBMiUkFVX3lxTE1UczhlZmY3ajQzbFBNUi1yY0dhbklDNUxSS1JfblFoSWlYNW1YNXkwMzhUT0VmbmRoZFIyNHJFLXFSQkV2bkItX2lhcVZ0Y3BjVUHSAW5BVV95cUxOZzQ3cmhuUXpZa1dwS0l1VldNeFBjRnBFb21MWUNsZmJ4QjBQejJ6ekZzN01GZVVvZlJNS2R1T0xMOWZSWTRpWUQyQVRYMGs5X2trek0xa0c3bHBIakw0Ull2dVFJcFdmN184akdaZw?oc=5,聯電慘遭投信重砍居賣超首位！ 00919還有逾43萬張等著殺出 ETtoday財經雲,台股 OR 加權指數 OR 外資 投信
GoogleNewsRSS,台股大盤,Q1獲利飆增150％！「這檔金融」法說報喜奪投信近50萬張居冠 廣達受AI題材續燒也入列 - FTNN 新聞網,Google News,"Wed, 03 Jun 2026 11:00:00 GMT",https://news.google.com/rss/articles/CBMiS0FVX3lxTE5tc0hKN1J6UTNlTl9Mc0M0NVZzX1hfWGx1YnBjZml0WS1tZ0VkTlBsZUxVY3Y5LXJhN1hhd2dPcHJpOXNqZUpGVl9rNA?oc=5,Q1獲利飆增150％！「這檔金融」法說報喜奪投信近50萬張居冠 廣達受AI題材續燒也入列 FTNN 新聞網,台股 OR 加權指數 OR 外資 投信
GoogleNewsRSS,台股大盤,投信大買、外資落跑 廣達、英業達漲停背後誰在撐？ - UDN,Google News,"Mon, 01 Jun 2026 09:21:06 GMT",https://news.google.com/rss/articles/CBMiUEFVX3lxTE9aZkd6bF9PTjFVM3lqbkJ2NFJMVHJaejFtWUVBNjZsV0cyTVhTa3FzVGtSNHJhWnBOdVlNZlhLaUFMcFlqTl9oUFpoZnVaZWN10gFWQVVfeXFMUE1kU083ZGpXQW1GMlB4Z2J5ZDJJWnRjcHdDMU83Y3BmeWlnTC1pOGZPWS0tTUVzQ2UtVHpXVlpLMElFNUNOTFRmUDJmdi1qa3REcS1fUnc?oc=5,投信大買、外資落跑 廣達、英業達漲停背後誰在撐？ UDN,台股 OR 加權指數 OR 外資 投信
GoogleNewsRSS,台股大盤,柏瑞投信：透過GIANT投資術，掌握台股AI產業升級投資契機- 新聞 - MoneyDJ,Google News,"Tue, 02 Jun 2026 02:39:00 GMT",https://news.google.com/rss/articles/CBMikgFBVV95cUxOeHhxMHVpR0dHQlNEa0lDNFY2UUwtZmV3a1djR3JBZUNuWTZkZlVkYTFwcUF3UVF4dF96QzV3Q2tseXVOcEZuTXBLc0Y2V3FWVmdqbnRlbHZTMTliMkZBaVRwMkNxYUJEa2FvR2twV3pSUVk1VGtmcVdvVm9tSFVoNDAxVVVUMFdFQ25nYkV0czVDdw?oc=5,柏瑞投信：透過GIANT投資術，掌握台股AI產業升級投資契機- 新聞 MoneyDJ,台股 OR 加權指數 OR 外資 投信
GoogleNewsRSS,台股大盤,3036 文曄 - 【文曄(3036)盤後解析】外資投信對作，量增價漲 今天股...-股市爆料同學會 - CMoney,Google News,"Mon, 01 Jun 2026 22:10:09 GMT",https://news.google.com/rss/articles/CBMiWEFVX3lxTE4zaU9Rb0t6TzRhT1VRUUMyUnNTaklHVk9Lbjh6YVdJdDZPOVdBZnlqNnJDM2J4emZoS3hMUHB6LUZrdU1NSWJrb3NOdkwwVm93N2VuVkg0eWI?oc=5,3036 文曄 - 【文曄(3036)盤後解析】外資投信對作，量增價漲 今天股...-股市爆料同學會 CMoney,台股 OR 加權指數 OR 外資 投信
GoogleNewsRSS,台股大盤,《外資及投信4-4》本月累計，外資買超910.5666億元 - 富聯網,Google News,"Wed, 03 Jun 2026 08:17:00 GMT",https://news.google.com/rss/articles/CBMiiAFBVV95cUxOTjdtbmdyMDNGc3RHRXEyYko5NEx1VzZlVFExTGI5SXZsSC02UXdObWZBZWZsYUNWc093dWRIcmJoeWZ6Y3BHa1dXTFh6Q0lhamNWbU5JckdlWGVPUTJMOTRsam4yZFF0MzA5NnJaLU5nWEUybkI4d0tmblNVNEVMV05yb2pGdG5x?oc=5,《外資及投信4-4》本月累計，外資買超910.5666億元 富聯網,台股 OR 加權指數 OR 外資 投信
GDELT,AI伺服器,,,,,,AI伺服器 OR NVIDIA OR GB200 OR CoWoS OR 散熱
GoogleNewsRSS,AI伺服器,搭載 Windows 的 NVIDIA DGX Station 將兆級參數 AI 超級電腦帶至每張企業辦公桌 - NVIDIA 台灣官方部落格-,Google News,"Tue, 02 Jun 2026 05:12:49 GMT",https://news.google.com/rss/articles/CBMizAFBVV95cUxPOXBVUE5ETjdpZFRCNGx5RlNGV2E3bU1jMlVDZ2RvOEYyS3BUREdvRzI0NFpOeXZyc0l3aWFraDZmQTFHTWFwMXBIb1pzd3lMc3FvU05VZldHQTB1aEJCV2Y2dXRmY3FmM1NrSVpPU3hGVllVY1JZQWJQNGhUY2dQQUY3UDY4T012Zm0tNy1FUS0zOWlmZFphNFVWVy1ZRXBnbDNzSDYzS24wTWZ3bGJFUFRVVlowSHdzU1o2aXBObEE2ZjVJSkRLUHV2eTY?oc=5,搭載 Windows 的 NVIDIA DGX Station 將兆級參數 AI 超級電腦帶至每張企業辦公桌 NVIDIA 台灣官方部落格-,AI伺服器 OR NVIDIA OR GB200 OR CoWoS OR 散熱
GoogleNewsRSS,AI伺服器,AI伺服器繼續漲！三大法人補貨「這2檔」5.5萬張 撒180億元連2天進場鴻海 - Yahoo股市,Google News,"Wed, 03 Jun 2026 13:00:00 GMT",https://news.google.com/rss/articles/CBMipwJBVV95cUxOUWRmZFdvTWNZVUpJSmp3aXVZVWh5OHc3MVJmd1lEMDNtNGNZMDBaODRpVjFGU1VLVWpxRkpuajlCWW1wbU4zT09Gc1pjd1dsdDZHbEp5amJvNmN0SjhSeGZLQjFmbmdHMTVtNjZpV1BxalpkQ0pSWkI5MGc5QVRXaEN6UmhMa3NJQ2R0c1d4SXU4LUQ1VFd1d005M3RFYjNQUU8zZkZtQ3Y4Uk94NWE1dUw0bENWX0thQmNZWVViUnNvYnBOcEtQS0dkQ2lURmFXNG9GVC1wRzV0ZnhQVENvS2dQU1JaUWpjYnJmdXRGR0pFMm13OEl3Ym9kdlYwYU9IX2JBa0l2WmRWYnF5VVdsd0pzWjJhWllzTzBvTS10Wk11VGRLM2Vn?oc=5,AI伺服器繼續漲！三大法人補貨「這2檔」5.5萬張 撒180億元連2天進場鴻海 Yahoo股市,AI伺服器 OR NVIDIA OR GB200 OR CoWoS OR 散熱
GoogleNewsRSS,AI伺服器,內建英特爾賞味期快到？「內建輝達」的AI PC為何成功在望| 全球財經| 全球 - UDN,Google News,"Wed, 03 Jun 2026 14:37:41 GMT",https://news.google.com/rss/articles/CBMiUEFVX3lxTE5YMnNZalJINmk4YkNwaXNlVm1VVnhUcm5fRDVZa1NUbllCR2R6YlRaSk90NGdscUJ3MEY4RlpwVHVwNGJiQlhKM0VtWUJRSkhU?oc=5,內建英特爾賞味期快到？「內建輝達」的AI PC為何成功在望| 全球財經| 全球 UDN,AI伺服器 OR NVIDIA OR GB200 OR CoWoS OR 散熱
GoogleNewsRSS,AI伺服器,Vera Rubin概念股有哪些？Vera Rubin是什麼？NVIDIA下一代AI工廠平台，懶人包一次看 - 數位時代,Google News,"Wed, 03 Jun 2026 08:40:00 GMT",https://news.google.com/rss/articles/CBMidkFVX3lxTE9TQVJKOHJObm5FWVB5c282cnRjZmU1aW1aelJMeWNPdXlnYVh1NDlJYkUzd29CZjhfeUhQYTY2a1B4OVBDbHhuelhoVG00eTctZzR3bkdTYmlFTU1XeUQ1WG9MYVVnWlpGSG56U3NMaXJtUkNOT3c?oc=5,Vera Rubin概念股有哪些？Vera Rubin是什麼？NVIDIA下一代AI工廠平台，懶人包一次看 數位時代,AI伺服器 OR NVIDIA OR GB200 OR CoWoS OR 散熱
GoogleNewsRSS,AI伺服器,〈COMPUTEX〉天品旗下奈科潔凈秀AI伺服器水冷散熱「高潔淨清洗」25微米製程 - news.cnyes.com,Google News,"Wed, 03 Jun 2026 08:29:00 GMT",https://news.google.com/rss/articles/CBMiT0FVX3lxTFByb0haTWVJLTV3N1ltQlEwd2llQ3BJQkFWLUhOOERSbTJTdG5kZWU2NnFqU3lmSUZ0S3V0azdsLUNnWXlXejBTdzN4QW1tamc?oc=5,〈COMPUTEX〉天品旗下奈科潔凈秀AI伺服器水冷散熱「高潔淨清洗」25微米製程 news.cnyes.com,AI伺服器 OR NVIDIA OR GB200 OR CoWoS OR 散熱
GoogleNewsRSS,AI伺服器,NVIDIA橫跨AI工廠、機器人與自駕車的創新技術， 榮獲COMPUTEX 2026 Best Choice Award - iThome,Google News,"Wed, 03 Jun 2026 05:49:18 GMT",https://news.google.com/rss/articles/CBMiS0FVX3lxTE91Rms5UzgtZDUxeFN5VHZxTVN4WERrUTY4WnVNcUhtMmRiVXdZZHhKakdmZW9vZktiN2dUTkZlQ2N0cmVCVWZYRENxQQ?oc=5,NVIDIA橫跨AI工廠、機器人與自駕車的創新技術， 榮獲COMPUTEX 2026 Best Choice Award iThome,AI伺服器 OR NVIDIA OR GB200 OR CoWoS OR 散熱
GoogleNewsRSS,AI伺服器,因應AI伺服器需求全球擴產 神雲：2026年成長無懸念 - DIGITIMES,Google News,"Wed, 03 Jun 2026 10:21:00 GMT",https://news.google.com/rss/articles/CBMidkFVX3lxTE40MTlrUmZkT1RWS3JreXBDalVvNnZZMnJ5VHZHcFo0UGxPckRDUDcwNlV4dXVhaVEzNDFvREhJN3dWSkd1ZHNDTUh1X2pIdGxGcXRsNzRYN2g3S3MzblBMcE5CMGNRUFVEbjY1V0JhZHF6MTJ4c0E?oc=5,因應AI伺服器需求全球擴產 神雲：2026年成長無懸念 DIGITIMES,AI伺服器 OR NVIDIA OR GB200 OR CoWoS OR 散熱
GoogleNewsRSS,AI伺服器,CPU強勢回歸 千億美元商機大爆發！透視AI伺服器新賽局 預示最新投資機會 - 財訊,Google News,"Wed, 03 Jun 2026 09:00:00 GMT",https://news.google.com/rss/articles/CBMie0FVX3lxTE1fTi02ZVpNNXRKT2FPSzNiZllwVlFTaWwzSGh2OHA0SUlwdFVZM2pHTXhVWVk1UGFFaktKbl91eGNjQU5oM2cyb0NYcXgwdlJNbFRHTGhxMDZUbUJwZUtpQlZCMHFWUjBaTlpEdkFUazdqU1U3aUtGMEZmMA?oc=5,CPU強勢回歸 千億美元商機大爆發！透視AI伺服器新賽局 預示最新投資機會 財訊,AI伺服器 OR NVIDIA OR GB200 OR CoWoS OR 散熱
GoogleNewsRSS,AI伺服器,NVIDIA GTC Taipei 2026 主題演講：黃仁勳最新 AI 主題演講 | 6 月 1 日 - NVIDIA,Google News,"Mon, 01 Jun 2026 07:00:00 GMT",https://news.google.com/rss/articles/CBMiXEFVX3lxTE5XeDRiNDVfd0FhTHVHMXQ4TjYzMTQ2dndJcVFTT19DXzE5d2pMMmVJbkdtX2lWZl81LXZTZWlMbUdMb0FlaWhDS29JUlRyZ0hOMjl0RXlnY0VVdkxK?oc=5,NVIDIA GTC Taipei 2026 主題演講：黃仁勳最新 AI 主題演講 | 6 月 1 日 NVIDIA,AI伺服器 OR NVIDIA OR GB200 OR CoWoS OR 散熱
GoogleNewsRSS,AI伺服器,NVIDIA 攜手 Microsoft 重塑 Windows PC 開啟個人 AI 時代 - NVIDIA 台灣官方部落格-,Google News,"Sun, 31 May 2026 07:00:00 GMT",https://news.google.com/rss/articles/CBMihgFBVV95cUxPTUVpeVFFNE5waDBmdWtFYlg3ZEZVclJCSC11MzdmdHlJTV9qUG1QSHZiaFZNZmh0cUpvdXlrcU9VUUY3ZV9OVldHQkMzNWhQYU91RWFZVkR2QXIyRXN4YU9OUGtxV0ViT1FGNklTQllWeWJvei05bnpJZFRFa0hHMWFkUG05Zw?oc=5,NVIDIA 攜手 Microsoft 重塑 Windows PC 開啟個人 AI 時代 NVIDIA 台灣官方部落格-,AI伺服器 OR NVIDIA OR GB200 OR CoWoS OR 散熱
GDELT,半導體,,,,,,台積電 OR 半導體 OR 晶圓 OR IC設計
GoogleNewsRSS,半導體,台積電股東會明日登場！市場關注焦點一次看 - Yahoo新聞,Google News,"Wed, 03 Jun 2026 08:34:00 GMT",https://news.google.com/rss/articles/CBMirgJBVV95cUxOQnNVVzlieGRfS1pyYWxTWXBEMW1WYzhvbDBJS2xaU05ONjNDeVFheWZteW9RcGxhZGRLc21XLUxTdGUwZ3NEdWZ0RXpGc00tMTRILVhreEhLVFFVZ0NVSnBmc2JQbEpURGlxVU5wM3RaOVZ0Q2lMQzdJY19Ycl9adG1UeGV4WnpwM1Y2SzB3TXlSYUxGcHZKTUJubmtpNktNLXp5c0o1cG94cHdJb2VLY1J3R3pUWmZodW9zQ0J3TjV2T2FlTVIteGxlMjNja1ZDVXFabTA4VS1LN0ZUbTV0cmFQNGNvYVg2YVhicmxfTThYZGJOQm5tM3VQem02MzJVbHpvMmZHWFFwQVEtanhpQUxFOHd0Ym93SlJJSmFvck4yUjI1a3dwUndteFJJQQ?oc=5,台積電股東會明日登場！市場關注焦點一次看 Yahoo新聞,台積電 OR 半導體 OR 晶圓 OR IC設計
GoogleNewsRSS,半導體,她1999年買2張台積電忘了密碼 27年後解鎖登入嚇傻：賺逾1200萬 - UDN,Google News,"Wed, 03 Jun 2026 05:04:34 GMT",https://news.google.com/rss/articles/CBMiUkFVX3lxTE1qcWtDM05OVWJKX2pOYTVUa24tUUhVNDJZVkw4Y2R4cnJQeE9YTXhaNHRKRDhfaXpzWXRSM001dWk5VGNpRFkwV094SGpHb0VYQVE?oc=5,她1999年買2張台積電忘了密碼 27年後解鎖登入嚇傻：賺逾1200萬 UDN,台積電 OR 半導體 OR 晶圓 OR IC設計
GoogleNewsRSS,半導體,不是輝達！若明天股市崩盤「必買台積電」 外媒揭稱霸全球理由 - 自由財經,Google News,"Wed, 03 Jun 2026 06:25:16 GMT",https://news.google.com/rss/articles/CBMiX0FVX3lxTFBnZGJwY3ZWNzJ3X1BVaFVzeE82Z3VQRlVWbnA3Vk4xbHQ2N1ZHc0FZNEhrS0xEZE9kOGlhdWc3RG5hYjE0ejJuV0xPbWtCXzc3S3paTzdtSDFvemd2LXIw0gFkQVVfeXFMUFoydFl1dUlPNmxDM3c3VGRCTndIeHVYOGM4QlJRM2Z4OGF5V3h0bVc2WU9sMG80V05COE9feUVVclJKa3AxVjJPWmZCZlAtanM5aTY3Y2pRTHhyTjNTMndfMUNCZg?oc=5,不是輝達！若明天股市崩盤「必買台積電」 外媒揭稱霸全球理由 自由財經,台積電 OR 半導體 OR 晶圓 OR IC設計
GoogleNewsRSS,半導體,台灣首徵碳費進帳近50億 半導體業成主力佔逾44% - 公視新聞網PNN,Google News,"Wed, 03 Jun 2026 12:44:22 GMT",https://news.google.com/rss/articles/CBMiT0FVX3lxTE9VNjdZVnJweGJzbUlLZ3lpc0ZIcGpOY1FlZDFxV3FaNHF4LXo3LW1Lb2lIX3VHSk12T3UwMVZKR1ByeTl1RVZmaWR0SUxUM0U?oc=5,台灣首徵碳費進帳近50億 半導體業成主力佔逾44% 公視新聞網PNN,台積電 OR 半導體 OR 晶圓 OR IC設計
GoogleNewsRSS,半導體,輝達結盟台積電布局 CPO 交換器，下半年產能點火 - TechNews 科技新報,Google News,"Wed, 03 Jun 2026 09:46:07 GMT",https://news.google.com/rss/articles/CBMiX0FVX3lxTFB4Qld0RDhmRl9qQkhMNXdpMUpzejBVT2VJeE8yN3FTRGpHeVU0RmQ3OTBLMUM1N2ZPX2FyU3ZjQTUzSEp2OUlhdDNiRjZ6SVZCSlVJQ1Q5RTJsRk95Q3RJ?oc=5,輝達結盟台積電布局 CPO 交換器，下半年產能點火 TechNews 科技新報,台積電 OR 半導體 OR 晶圓 OR IC設計
GoogleNewsRSS,半導體,【0603台股盤前】COMPUTEX持續加持台積電、伺服器代工，櫃買卻遭遇劇烈洗盤?「業績好法人買」:富世達、旺宏、藥華藥 - sinotrade.com.tw,Google News,"Tue, 02 Jun 2026 23:51:38 GMT",https://news.google.com/rss/articles/CBMi7ARBVV95cUxNNjBYdmQyek9sS0VtZk1hby1OeDNWcHJoNC1rSG5hVjVnV0h5MFFMUTNmbXZOWGJlZzU1ZjM4OXdTbDNJdXhqUmNFUmNWcGRHWFJqWWdJSXBOSXNHVjVnNWszdHpCdk40QVNYNE5uZnJXWDVRanRKdXR3QU5QMkRack1PQWZhYWFacGQwdGdpMXRtZkJxbEUtaEpSQVdtenFOdmNLRk5qZ3Z0aURMbE5mblIxb0o3Nmk4cTNqOG0yUzk3ZWZyY21ZNE1oaHJYZEJ0NENOekFzVjFyaW1sXzcwSF82VXliSkk0Zy1sVzF0c09FMG4xOWRBRUFkSnVoUzZNQk1ZSXFQS3ctMkpYVnNXVEpPY09zSTU4Z3NCRWRQQjNfRnltVFFIdVJMamZhb3RWLV95dF9palk3QzNMMS1MczBQYkRpdGc2MmVuWVUtRnhCS2tneUMwb2gxVFhoMXB4aG1CeHktTU5NMEpFbS1FTU5nOXdnWnVOM3FlV3Y1dlF5MFE5MVlWb3Y0SGFXN0JMZ2tGN2tiNFV0N3E0R0NZbmstRFRvOTF6VFpCdzk3NlMwanl6eENnVjA1YzBjajlSTVJzMzhTX1YxdjlPRXBRU1REYUVuUWs4cFFHbURHcm9iTTVyd0t3cGUwZUhjcXhyaXhBSDR6TVhVc0pfWWNkVnlFTVRSaGpReFJ6ZURHNWJaSVd2V0F6U0ZmOE5BZUpuS2hDcGpocmlLRXducDdZZUtKTndpNTdzdy0zWDUzRUI0Tkd6SzloeHhsaDc0VVpvVHBpSy1pTkJYekN3MThFQ3h3UTN4ck5YZnI0dQ?oc=5,【0603台股盤前】COMPUTEX持續加持台積電、伺服器代工，櫃買卻遭遇劇烈洗盤?「業績好法人買」:富世達、旺宏、藥華藥 sinotrade.com.tw,台積電 OR 半導體 OR 晶圓 OR IC設計
GoogleNewsRSS,半導體,餐飲業也投資台積電 漢來美食累計持有70張 - 中央社 CNA,Google News,"Wed, 03 Jun 2026 12:54:00 GMT",https://news.google.com/rss/articles/CBMiXkFVX3lxTE9FM2VCS3hzb1liZDZoZ2t0NThYVEU2cnBhampBcXdVbnlmc3JwMEpoVm5faDNLTVpkV29qMlcxQTJlSzRMUzhKLTRBR0xrUUJ3d1dwT2JWSUdwblA0SVE?oc=5,餐飲業也投資台積電 漢來美食累計持有70張 中央社 CNA,台積電 OR 半導體 OR 晶圓 OR IC設計
GoogleNewsRSS,半導體,台積電超香！餐飲業漢來美食砸近億元卡位40張 超過資本額2成 - ETtoday財經雲,Google News,"Wed, 03 Jun 2026 10:41:00 GMT",https://news.google.com/rss/articles/CBMiUkFVX3lxTE5vRTN1TkNTSm5nQklzcG1HZkRWWlpmR1pUOWJvZjRxTTFVZGFOV3BhVEdQOU5WLUJ4VEtLMHQxdzRiV01NMU5JS1FSYnNoV1RPWkHSAW5BVV95cUxOMWxZemkyWUxQYWg3V3NYc1M1ejliYnQzNEJXTU03bEpXNGNta1pYdGNfWlg1NjFmNEh5RW5kcjRhdmFrdXVtN09xV1ZOWlJtRF9YSWo4NF9tcnR2ZXk0NndrbTJvZjFyWExFMG5OZw?oc=5,台積電超香！餐飲業漢來美食砸近億元卡位40張 超過資本額2成 ETtoday財經雲,台積電 OR 半導體 OR 晶圓 OR IC設計
GoogleNewsRSS,半導體,《放．專題》台積電偷走了英特爾？人在台北的陳立武說：不，它是我們最重要的合作夥伴 - 放言Fount Media,Google News,"Wed, 03 Jun 2026 06:31:51 GMT",https://news.google.com/rss/articles/CBMiUkFVX3lxTFBjT1poVWxuLXZMYkZGdEVfTnh1TGloLVg0d1pvZ3dQZDU0R2pfbVZoYXdpdWQ5Q0xjLUYzNmd5WGZXOHhMYjBjMjA0XzZqaEg3b0E?oc=5,《放．專題》台積電偷走了英特爾？人在台北的陳立武說：不，它是我們最重要的合作夥伴 放言Fount Media,台積電 OR 半導體 OR 晶圓 OR IC設計
GoogleNewsRSS,半導體,台積電股東會前夕 上漲60元再寫2440新天價 台股站上4萬6 - Yahoo股市,Google News,"Wed, 03 Jun 2026 08:01:53 GMT",https://news.google.com/rss/articles/CBMi5AJBVV95cUxNM3VzQ2xRd3l1aWV5Qm8yMlVPRHQweG9ITl9LTC1rNG4xNjM3QkJZQ29QMksyMlhDR1d0T254R3ZtdFExdjNKUzA2UkUzYXB5cW5RYWZQQ2FZYlZVdXliMVotWGZvUC1QbmpNbnI4V2JDN0Jkc3RSdk1hZm8xNEU3WE5PYUQ5QkduM3FNcnI5MXFjZ08zNnhlQlJQRGJhQVFocjQ5dEFYVm8xUC1CNnd5Njk5QTNjcGRDNTcxbE5LUVdQR1ZnQWdjYlQ4ZjFrSkotZ0Rkb3NyNWZ6YnRUNEg3UUpablRGQndVU0ZXdEVhWUJZZ1JXVjZ4dmQ4N2RCY2t3VFZDZ2VLRmpUMU5vOWJkWlQtZllJb2RzNHVWNWVhcmFLRzAyaGdzb243VXRrZE5CdjhuRkhUdzRwUzdXbHo4YmlEOWc1bHBsWXZzR2pIY09VY1lNS0NVREdYTFNGTENCV2dqeg?oc=5,台積電股東會前夕 上漲60元再寫2440新天價 台股站上4萬6 Yahoo股市,台積電 OR 半導體 OR 晶圓 OR IC設計
GDELT,PCB/ABF,,,,,,PCB OR ABF OR 載板 OR 南電 OR 欣興
GoogleNewsRSS,PCB/ABF,玻璃基板取代有機載板？欣興、群創、友達的技術門檻與量產時程拆解｜產業熱話｜豐雲學堂2026 年 06 月 - sinotrade.com.tw,Google News,"Tue, 02 Jun 2026 21:46:18 GMT",https://news.google.com/rss/articles/CBMiggRBVV95cUxNUkQyYkdZb3BGOHpvRlA5Y0FmX29MMm5CeHloWEpRcS16V1JzU3ZaTUNoSndOMlFKN3BJT2sydURIYWg4bmJKX0JyY3dkTW00cnFEVE1rQm5ZajVYdkpjaE1DZFlaZlA5eTNuRkRLZUNoNnlNcXNqRkdHUG1TTjVqVGUtLTUtUy1JTHlQc1dsYlVhR0VxU0xlOEZLSUFWcnI4VjVNV0pycGZIMmZuNW80TnpPellyUzVxX0JGYVViNzBxTnRLeEFlaTR2aG1zamg2SW9vNG5HRVBPLVc5WmhHSE1WY0p5aWVQZlJ6OTJUSm56M0N4OWxvMlRsQ1lEb1RWdGYwaTJFTW5lb3BkMXlXQjVXY1NUTmRQQTNkYmJmeFA2RThfOW14aEFlMHhNeTdUWi15MkhjWHZaUkYtVHVfdVIyeU5KRlZUWWF2cHhPWVgwRzVnbHZTTWp6UjVZcm9aTVNsMVBMYnVsOFRUanIzTmMyaU5PNGpNdjU5Y1JUUjFDVUV0ZmQ1REowOHRSamg3eERhWDhGNFFoMkhRWU5yQ0wzSTg1TDVOZXVZb0VoYWVkQjdPdmFWUk82SmRRNk5XYTB6RzFvUUV2bWJicDBPTXJuNEJtQVBqM0gwQXNlZHpraVdHVWd2NzJNeFRjZmthZ3ZuemV1cTNjM0VQTFZLdGJR?oc=5,玻璃基板取代有機載板？欣興、群創、友達的技術門檻與量產時程拆解｜產業熱話｜豐雲學堂2026 年 06 月 sinotrade.com.tw,PCB OR ABF OR 載板 OR 南電 OR 欣興
GoogleNewsRSS,PCB/ABF,營收直衝歷年次高！「載板大廠」5月營收達44億元年增35% 看好下半年營收、獲利逐季增長 - Yahoo股市,Google News,"Wed, 03 Jun 2026 14:15:00 GMT",https://news.google.com/rss/articles/CBMi8wNBVV95cUxPTXBlN0xHOTJZZmZtZUZxbmlMYlZSWWhDZXM0TmVkUHlYTzQtZDBYcXBIQXJ1WWFBNzZrNDB2RFhpSW1UNGVlaDFYc2hXS1dGbEJZVlkxMmJjWExQcVpITWRIUGNSdTdISWRDeFBGTHJ6TmJXNHdmRFVhZU1FakRDWHVNUHNCS3JQanJRMGxxYXNzalZGM1Z0aFRMVHdGcTc5VU1ld2pJWFIxajVtLVlxREhTbGU2Wk1EMndiZzV1MDAtWjlSYnd1RWtPOHc1S08wUWhFS3g4MHA2VzhleE9RNDdUalp6akJtcWhGZDNJVm5rcTRCT0hvNXNxYjdBOWdFTkRGMGpubW5iNlBHM0ZxTmVlSzd4dHRXV0QtMUlmNWRmSTI4YUVvb3Q0LVRmZFNnVFhIZHdPWGpsWlZlaUVWVjNPd2xEdnYxMlk1UE94S0hFWHRBdkRrR2VxbHhPR25wVlFEcE1rUFlxb283TGZwSVo1eEtJZWJ2T3dQNlNKNmlYeTRsZURDb0k4ZlBrV19IMU9HckwzVjZScTROTFRGdV85dTUwQVVocF9LOU5pTnBxMzR0cEZKMFZ5MHFFQVFvdVNoUWktdkpjTHM5REtqaHBwUGV3cWtvQ3FZbWRfMndnUW9RMnotTk54aHlaTWpsVHg4?oc=5,營收直衝歷年次高！「載板大廠」5月營收達44億元年增35% 看好下半年營收、獲利逐季增長 Yahoo股市,PCB OR ABF OR 載板 OR 南電 OR 欣興
GoogleNewsRSS,PCB/ABF,AI訂單火熱！南電、精測5月營收雙雙報喜供應鏈全面升溫| 科技產業| 產經 - UDN,Google News,"Wed, 03 Jun 2026 10:04:37 GMT",https://news.google.com/rss/articles/CBMiUEFVX3lxTE5RU1IzRjNTVVQ1bkpUaTU0NnRmREJoYlo0X2RrSllTTlBHOXFkZnUtUkhjZHBlV3VJZFZnX3VidWVlNHh6WmZYYWZnQ1JkREMx?oc=5,AI訂單火熱！南電、精測5月營收雙雙報喜供應鏈全面升溫| 科技產業| 產經 UDN,PCB OR ABF OR 載板 OR 南電 OR 欣興
GoogleNewsRSS,PCB/ABF,拿下雲端巨頭大單！「PCB大廠」目標價喊出1582元 今股價一度漲停 - FTNN 新聞網,Google News,"Wed, 03 Jun 2026 13:15:00 GMT",https://news.google.com/rss/articles/CBMiS0FVX3lxTFBQaHFFS2hmNkY3alE2OHhmNVRETEVXQzRkVkFIdVhBWnhEN3FaU0ZmMC0tZUVfZE9PVmZ5Z1pLYWNKdWYteTQ0M2p4aw?oc=5,拿下雲端巨頭大單！「PCB大廠」目標價喊出1582元 今股價一度漲停 FTNN 新聞網,PCB OR ABF OR 載板 OR 南電 OR 欣興
GoogleNewsRSS,PCB/ABF,30年老牌PCB廠翻身 砸1.8億入手大雅塑膠舊廠 - ETtoday房產雲,Google News,"Wed, 03 Jun 2026 04:40:00 GMT",https://news.google.com/rss/articles/CBMiT0FVX3lxTE4zdFVJUi12dE1ZUzBIb1YwTGYwcWdoenRkMnZRSkV2M0s2cjdTcU1XaE5fY1FPNzR0bDRHOURTTVZXMlhKQmZfRUpRNDYwZHfSAWtBVV95cUxOeU5YZGJIU1NSTDJzUDR2cEdHSTZjcFR5MndSelNhRktvWGNnQWVKaG5PdzNqakJ1SGdTV3NOU05oU3VSZk81N3IwRExraXktaTAxYWdycERFWW1iY1hoNGJaSUJnMzB5T3UwRQ?oc=5,30年老牌PCB廠翻身 砸1.8億入手大雅塑膠舊廠 ETtoday房產雲,PCB OR ABF OR 載板 OR 南電 OR 欣興
GoogleNewsRSS,PCB/ABF,【06/02 產業即時新聞】ABF載板賣壓沉重，外資獲利了結拖累股價探底 - CMoney投資網誌,Google News,"Tue, 02 Jun 2026 01:31:01 GMT",https://news.google.com/rss/articles/CBMijgFBVV95cUxNdThQUi1HVlFFczNPWVVUbHVGTWlSaF9paUdSbzJKYzlqMWljczM5andaZVhsMW1PTWlIc1BWakFqdlhpQ043b3NfS3h2LW1FVVVpQ2xxSXhuOG55TUFDbmdwZFRzaGpTS1ppV3ZtT1BMaUEyWkt4Vm44cDZteVM0cktVV3R3WkxnNVpWZFlR?oc=5,【06/02 產業即時新聞】ABF載板賣壓沉重，外資獲利了結拖累股價探底 CMoney投資網誌,PCB OR ABF OR 載板 OR 南電 OR 欣興
GoogleNewsRSS,PCB/ABF,台股ABF載板４強股價狂飆！但沒跨過「這道門檻」就沒訂單？ - ESG遠見,Google News,"Wed, 03 Jun 2026 05:15:46 GMT",https://news.google.com/rss/articles/CBMiTkFVX3lxTE1heVl2ZmFPM3VxMDk5ZFptMC1TUXF2bm1jYlJheld6MkJSVUUxQ2NwNklzTzdxSFhFcGJuZG9IaVAwWkpMRHlHa2xONUdKZw?oc=5,台股ABF載板４強股價狂飆！但沒跨過「這道門檻」就沒訂單？ ESG遠見,PCB OR ABF OR 載板 OR 南電 OR 欣興
GoogleNewsRSS,PCB/ABF,南電5月營收同期次高 精測衝新高今年估逐月增 - 芋傳媒 TaroNews,Google News,"Wed, 03 Jun 2026 08:58:26 GMT",https://news.google.com/rss/articles/CBMiUEFVX3lxTE84RnM4QlhOV1dWamNPY2xSSVZVcFJuZ3RvaENjM1NkcjlHelI2SGxrZGZwX24wbGFxejRjMzV4NmlFSFNYVnktR2tXS2Nxc3Jl?oc=5,南電5月營收同期次高 精測衝新高今年估逐月增 芋傳媒 TaroNews,PCB OR ABF OR 載板 OR 南電 OR 欣興
GoogleNewsRSS,PCB/ABF,0050換股倒數阮慕驊預估載板三雄全入列：這檔「主動式ETF」有望是最大贏家| 財經 - Newtalk新聞,Google News,"Wed, 03 Jun 2026 08:06:35 GMT",https://news.google.com/rss/articles/CBMiW0FVX3lxTE84eEdEcXdqMTlaMEwzQWpVNE1WZ1dwekFBdW5aYkZ6LUJSMjNjOTEzVUFyVGZhQ1RsNGJibXFSS3pvMFBOcmtiYWczNC0wMGIxbGQ5UXhDRE5hb2c?oc=5,0050換股倒數阮慕驊預估載板三雄全入列：這檔「主動式ETF」有望是最大贏家| 財經 Newtalk新聞,PCB OR ABF OR 載板 OR 南電 OR 欣興
GoogleNewsRSS,PCB/ABF,景碩：ABF載板下半年漲幅更大 - 自由時報,Google News,"Sat, 30 May 2026 23:13:56 GMT",https://news.google.com/rss/articles/CBMiWEFVX3lxTFBtZjE5X0M2aDdwcUxSYThNY3B4Z1F4cGxzdE55Vjdlb3ZCc1YyX1BvTUpvbnptdEtIMGpyY013OXM5aHZZX0RoRGRMZEx3aVZYYmRmckd0bVI?oc=5,景碩：ABF載板下半年漲幅更大 自由時報,PCB OR ABF OR 載板 OR 南電 OR 欣興
GDELT,記憶體,,,,,,記憶體 OR DRAM OR HBM OR NAND
GDELT,主動ETF,,,,,,主動式ETF OR 主動 ETF OR ETF 持股
GoogleNewsRSS,主動ETF,【00981A】06/03 操作日報｜經理人按兵不動，單獨調節一檔持股 - CMoney投資網誌,Google News,"Wed, 03 Jun 2026 11:01:16 GMT",https://news.google.com/rss/articles/CBMifkFVX3lxTE5CanpOcDdObnpNYWljNHBtVWlMSjBpX1VkbExmUlpEOWFRV1pjdWFmTUxoeFMwQ0RmUDduOXN2eHFlekRYVXc2Rm1GX0JuZTJ2dmVqWUFzNkZwdzBGTGdVWDJ1Ym4zcEFOQWR1QXk0MDIwOE5EQlpsQTNTRHZYUQ?oc=5,【00981A】06/03 操作日報｜經理人按兵不動，單獨調節一檔持股 CMoney投資網誌,主動式ETF OR 主動 ETF OR ETF 持股
GoogleNewsRSS,主動ETF,黃仁勳欽點「下一個兆美元企業」 這檔海外主動式ETF今年獨漲翻倍 - news.cnyes.com,Google News,"Wed, 03 Jun 2026 05:12:49 GMT",https://news.google.com/rss/articles/CBMiT0FVX3lxTFB1M19uaWdVTzdscTczM2xxSnFKUVBINzdSV0paM0FGMTA0YkZMbUlXTU5nQ3lndUVuVzFreWNYVVVfeU5lcTBzT2FLZ3otTkE?oc=5,黃仁勳欽點「下一個兆美元企業」 這檔海外主動式ETF今年獨漲翻倍 news.cnyes.com,主動式ETF OR 主動 ETF OR ETF 持股
GoogleNewsRSS,主動ETF,主動式ETF每天公開持股被吃豆腐，不如買同經理人操盤的共同基金？這6檔今年績效65%起跳 | 個人理財 | 理財 - 經濟日報,Google News,"Mon, 01 Jun 2026 13:33:29 GMT",https://news.google.com/rss/articles/CBMiW0FVX3lxTE1oVlVGalNlQjJDMVpRR0NmX3BWZXhQRlFqYThhNDA0RHM4MS0xQnJVdm5oU1pfNTdJMHQ5WGVaV081ZWx0Y1JhLUxjVlcwaU91ajMwTUllSVFWU28?oc=5,主動式ETF每天公開持股被吃豆腐，不如買同經理人操盤的共同基金？這6檔今年績效65%起跳 | 個人理財 | 理財 經濟日報,主動式ETF OR 主動 ETF OR ETF 持股
GoogleNewsRSS,主動ETF,"台股45,000點上演資金大搬風主動ETF經理人正在押這三檔| 財經 - Newtalk新聞",Google News,"Wed, 03 Jun 2026 02:37:56 GMT",https://news.google.com/rss/articles/CBMiW0FVX3lxTFBEanJiS21tbE5PQlAxX1VCVDByRGNWWDREczFMUFV4U0I0VGJNYjRsRGVWUGZHU1NRYVJpYTQzdVMyWDhqNFVpdmJ4ZWpMLTZBeG9xNHB5Z1owajA?oc=5,"台股45,000點上演資金大搬風主動ETF經理人正在押這三檔| 財經 Newtalk新聞",主動式ETF OR 主動 ETF OR ETF 持股
GoogleNewsRSS,主動ETF,台股巨震千點仍創新高！達人爆5大主動ETF集體驚逃「爆砍台積、狂倒40檔股票」這類股票成最後避風港- 上市櫃 - 旺得富理財網,Google News,"Tue, 02 Jun 2026 22:07:55 GMT",https://news.google.com/rss/articles/CBMiakFVX3lxTE1peDdpZUlzeW1rYjgtaHNObTdQdFNWQVBWNWUwdGMxQ1JtNDlhU3ZzR1NFd2diSjI3WkhEel9ic1FxcE9sTVdGVmxRNmZzOWg3cEg4dV9aOEZYTXFBZkZOVzFYMkNuTG9qc2c?oc=5,台股巨震千點仍創新高！達人爆5大主動ETF集體驚逃「爆砍台積、狂倒40檔股票」這類股票成最後避風港- 上市櫃 旺得富理財網,主動式ETF OR 主動 ETF OR ETF 持股
GoogleNewsRSS,主動ETF,預言0050換股「這族群」將是最大贏家！阮慕驊：這檔主動式ETF已在坐等抬轎 - Yahoo新聞,Google News,"Wed, 03 Jun 2026 07:51:22 GMT",https://news.google.com/rss/articles/CBMipgNBVV95cUxNWU5zeElfd1JabGp3bFZqR2QwY0x3YndSUXRGTEswRjJyZUNhZ3VMSHVrUXNySmlWTkRiT1RGdG5OU0lkN2Q1SktsYWNWbkpFalFDUV9DOVllQW9KRVk3c2JWV05GZGxSLXlQNVRkbnRiWmRwTkt4SUx0YmVvVWR1bXR6dzZvZFo4U2NuT0czMzgxU2VCM3BCUkNocXItTFBabklXcTg0TEtPX21VT1d5V2J4XzBvSDc0VFZxc2Z4a1FabUFudnVDa05FcXFMdzZUZ2NlUGdJVlhlS1dfT0ZheU8tbFJBcW84UE9wc01SNU9USXVUcXE1ZGFSbVhsOGo1N2lSb0FoN2xJVVoxZXU3LWIyQUlCNnp2VVROZ2JlYmtfeXlHMzFSWFkxY1pOOXZQSmJ3VXYtYXJtTUhmZTB0QnNudGhQYldTYWkxMHBXQU5ERnRKNF9nelNtYmpyRzNsX0tSVkRkR0RNb19TSFJYb3B2NEx2VFJhaWREQ2lCNjcxSUVBM1pOeTFCeDZWWngweWZLbzFYcm12Q256UzhIRWJsRjhTUQ?oc=5,預言0050換股「這族群」將是最大贏家！阮慕驊：這檔主動式ETF已在坐等抬轎 Yahoo新聞,主動式ETF OR 主動 ETF OR ETF 持股
GoogleNewsRSS,主動ETF,分析0050換股「這族群」勝率最高！1主動式ETF坐等抬轎 - 三立新聞網SETN.com,Google News,"Wed, 03 Jun 2026 09:14:47 GMT",https://news.google.com/rss/articles/CBMiS0FVX3lxTE5lSmJKNDh0V3NkOGIwWHQ1MlRZSkRBVk44eU8yaWdjV2c3LXNQUFQyZjhsUkU3a1lRZjBmS3hSZWRCTGlHZzJKVlEtRQ?oc=5,分析0050換股「這族群」勝率最高！1主動式ETF坐等抬轎 三立新聞網SETN.com,主動式ETF OR 主動 ETF OR ETF 持股
GoogleNewsRSS,主動ETF,主動式ETF邁入複利時代！00407A改寫配息邏輯 首創台股「主動疊加不配息」6/4開始募集 - 觀傳媒,Google News,"Tue, 02 Jun 2026 22:06:29 GMT",https://news.google.com/rss/articles/CBMiV0FVX3lxTFB3Q0t2NXVmSnlWb0hwVnZBOFk0NHZTX3oxc1JEQW9Mb1h2Ymt6TXB1MnBXWDJBWmc4c2swQkRpb2FVcVRYZFAtTDAtSWVBUGo3bFIyMFZFQQ?oc=5,主動式ETF邁入複利時代！00407A改寫配息邏輯 首創台股「主動疊加不配息」6/4開始募集 觀傳媒,主動式ETF OR 主動 ETF OR ETF 持股
GoogleNewsRSS,主動ETF,00919配息開獎 每股配1元、年化配息率13.33% 創掛牌雙高 - ETtoday財經雲,Google News,"Tue, 02 Jun 2026 22:00:00 GMT",https://news.google.com/rss/articles/CBMiUkFVX3lxTFB2RWFhcjk5UmNZQWpmX1YwNFRCSGRuTFYxR2UzOEhTTUtxOGJzRmZpLXJhNHBpSWNxLVNTbTQyNk1jZjJrOUdiOE1wQkN5RzIyWHfSAW5BVV95cUxOM05uUDVqalpWMTVvbzNpcmRqcTQ5dzlNdXA3XzhTSlpaQXBlcGxkajFVMmJvRFVTdUhVU2R3NkNsdDlLeVZKX3FTQnBRMmNCNUlOQnZBTlF4eVpUWXhwRU9PMlNXZ0JEQlVkLW02dw?oc=5,00919配息開獎 每股配1元、年化配息率13.33% 創掛牌雙高 ETtoday財經雲,主動式ETF OR 主動 ETF OR ETF 持股
GoogleNewsRSS,主動ETF,00981A、00980A...主動式ETF規模突破8600億元！5檔主動式台股ETF一次看 - Smart自學網,Google News,"Thu, 28 May 2026 07:06:15 GMT",https://news.google.com/rss/articles/CBMifEFVX3lxTE13MWo1cF90QWxrTmZrUUhSdmNiMTVRSXUxUGlCZERFNXREcE1CTjJuYXFUSmJ5S3lCT2hoclZMQkV3RzBBWGhrMVVWOE9fXzN0UGs4YkJLS3BXZURNMklDNFUxemhVSXJycW94RXByeV8zUzctREpQeXJkdkw?oc=5,00981A、00980A...主動式ETF規模突破8600億元！5檔主動式台股ETF一次看 Smart自學網,主動式ETF OR 主動 ETF OR ETF 持股
GDELT,美股科技,,,,,,那斯達克 OR 費半 OR NVIDIA OR 美股科技
GoogleNewsRSS,美股科技,聯發科技攜手 NVIDIA 推出 NVIDIA RTX Spark 賦能下一波 Windows PC 體驗 - MediaTek,Google News,"Mon, 01 Jun 2026 09:34:26 GMT",https://news.google.com/rss/articles/CBMi0wFBVV95cUxPWDQ3XzZVc1dOVWFPOVJkSkszVkVUb0FRQS14dy01b2ZrWVRVTmktb25yakF2dmJPcF9SU1hZRFBRT0poRnJicXNzb3Q5aERTZHdpS3ZPTXI0cGFJS2o4TzFPODd2MGpRN1RVdDlTdDNZVmNjVnVWLUNjcHFac0tRRkk4YVYtcGUyb1ZCUlpPUnFBaDFrcGhNU2VBT3hZWjJ4aWdnTXk1U2Z3aDRHVHJRZ3E0cWtodUtCSm9pWjFmWlphQTNjOVItbnhEckdKT2ZhR2I40gHjAUFVX3lxTE9DeHFuYzl4ZGxaV0gwMExOOE9tN0hpYmFBa1RjY3JYQXhCbDJKY25KTE81bXAwY3FjdnhWQ3JYalpsODNKNFBUd3lueWlXaHZ2NlhLYW10OTN1dEpFZTZ1b0xSQnYwZm5uRFZWNVFjRURZTUktVkVvZDRKSHVpTk52OFB6dG1BM2J0SXA2cWR6cEdEUDBaeDFrYzdkS1pPaVZDa25EaGJGblgxVmV6QlFZWk9DWktDZ09RaFlFUVEtVmtmUndBdkg4T2tfeml6ZC1VYVVSbWY5U0xVUThHdno2WXZJ?oc=5,聯發科技攜手 NVIDIA 推出 NVIDIA RTX Spark 賦能下一波 Windows PC 體驗 MediaTek,那斯達克 OR 費半 OR NVIDIA OR 美股科技
GoogleNewsRSS,美股科技,費半再創新高！輝達 GTC Taipei 點火 半導體全面大漲 台灣供應鏈誰最關注？【豐學PRIME盤後精選】 - sinotrade.com.tw,Google News,"Wed, 03 Jun 2026 06:16:52 GMT",https://news.google.com/rss/articles/CBMimwRBVV95cUxOTWR3dTBucjdaM21leTNlQWh3bElZODNpTHRTaTFkWGpSNWJyRHRUUU1EUWJQR280Si15TFB4SmU4SkYtbzQxT19ZQXVlWGtzMkpBWnVybGdvTllKb2VjRHBweUxucWlVaUVLNkRBaV96MVNlUXhmd3hTQlBlTE1pMFpaVnNDWjQ0QWYwTzM1dEtpN3R3dUd6ZjNMNnlpaWFZM2JkQl90a3NLUm04ZThnTzhYbGM1RU05aXF5TDNSVFM0X0tyV3hPR1VSd01RVlZYTTRUQkJFdFdfRXhMTWRMYXlvV2FFSThVMUpsb3NyUFhpRFBLcU1ya1RKS1Fub3Z2alhuM09ScWw2c1dXWjNkeDhnSDBPdEZaUmoyS2RmUGNIVjBRc0RmVzQ3SE1fZjRtLWp6TF9FWWRwVkFqaGhrSXBrMnpzT0pWMnV6a1JwOGEyZDdrLVJ6MzgyQXdjU3d2bnFvSGdhbXJwMEVkZ25iZVlaRW9FWF9xSGxWeVhDaGloQkR5Y0J5V1hFS1c4aXhMWGtFQ00zNGwxMXNxWWt5bm41YjVxbGJEUlNvSXFlcU5zYXBKTGtDd0E4Wm1ybEg3dnhxZVM1eW5kRFlCN3YzeGpMRGlYRHkwWlo4bDdLVTRzM2tveFBUaGxFQTB1RU5PUmxzeFhiT3RZdVZ6QkdEOC1CUzgyX2wxQy1VRmpwUVFTQ3JlTTQ1Ml9Taw?oc=5,費半再創新高！輝達 GTC Taipei 點火 半導體全面大漲 台灣供應鏈誰最關注？【豐學PRIME盤後精選】 sinotrade.com.tw,那斯達克 OR 費半 OR NVIDIA OR 美股科技
GoogleNewsRSS,美股科技,《美股》邁威爾飆32%激勵光通訊費半衝5%登史高- 新聞 - MoneyDJ,Google News,"Tue, 02 Jun 2026 23:13:00 GMT",https://news.google.com/rss/articles/CBMikgFBVV95cUxOUXZRaXhoT0tQY2lkMzNEUU43NWNzVmtNQ1hhVFI5MDI5elU4YXFfVUdLZ3JOLTNUdW43TXdDbXk3dWdQalExZ3FjZm1meGY4VUdaS0tWVlZkUFpPd2lRTmtaRHd5UGMyT1RTanNaLUlzRlJOaFhlZVNVSERVamdMWFdzQk9lTzRIM3dnT2ZBRnlIZw?oc=5,《美股》邁威爾飆32%激勵光通訊費半衝5%登史高- 新聞 MoneyDJ,那斯達克 OR 費半 OR NVIDIA OR 美股科技
GoogleNewsRSS,美股科技,黃仁勳：AI已從生成式AI走向代理AI， Nvidia全面轉型為AI基礎設施公司 - iThome,Google News,"Mon, 01 Jun 2026 14:35:58 GMT",https://news.google.com/rss/articles/CBMiTkFVX3lxTFB2SWkzbmJtS2lEN2M5SEgzQlpqQTk3OVM5LXU4VlBFdjRpUEgxZmpJbWxSUFRhQVJtWGNMdlNiU1NBZE1yTG85YzNNZUZ2Zw?oc=5,黃仁勳：AI已從生成式AI走向代理AI， Nvidia全面轉型為AI基礎設施公司 iThome,那斯達克 OR 費半 OR NVIDIA OR 美股科技
GDELT,總經,,,,,,Fed OR 聯準會 OR 降息 OR 通膨 OR 美債
GoogleNewsRSS,總經,市場「誤判」升息訊號？瑞銀揭秘反轉關鍵：Fed最快年底前降息1碼 美元跌3% - news.cnyes.com,Google News,"Wed, 03 Jun 2026 04:22:54 GMT",https://news.google.com/rss/articles/CBMiS0FVX3lxTE11VG14c184c0g1MTZGV0dKWFhvdzkybHFWRlZXd3Q3TjNHVmh3WVFXRC02b2lYLTJuTk5JYlk2Q0lWRUZ3Qkw2amo2SQ?oc=5,市場「誤判」升息訊號？瑞銀揭秘反轉關鍵：Fed最快年底前降息1碼 美元跌3% news.cnyes.com,Fed OR 聯準會 OR 降息 OR 通膨 OR 美債
GoogleNewsRSS,總經,Fed不想再幫市場擦屁股？財經專家看華許首次FOMC會議：可能顛覆多年慣例 - Yahoo新聞,Google News,"Tue, 02 Jun 2026 16:56:23 GMT",https://news.google.com/rss/articles/CBMirwNBVV95cUxNVDVqLWwybGlFZlJNWldwb1g4WHUxN0IzTDN2M0FBbmNGQUhFSzVhdTltblgzZkhLSFVjQWQ4Y1ByRy03bXM4SU5OWUd4WWNvMUdGTUlQeUZFMC1pTll2bFRmd29jSnlLa0JqOXJoQlp5SzJKZTNLUk5RVDVXV1pOeUYzeC14OVJFeDFoaEJMdkUtZ2FvMG9iTVh2RmRsMlRJUkdjZFZCbmpOa1NoNld0QTJiczhBamdPWmZNUTlGelJFR3JMUmpweE9IaWRjcU9USHdKbkdsX0RwNnlQWXllS09nUWxIQXBmZXV6UzVxUU1Xd09RU1FqS0YzN18xcFZhVi10V1ZFVXhUTzlkTGlCcVNyMWN5RVA1TXc0U091YlF5WWtCT3ZoY2pmd2dvcGIxRHkwbTdHUnNtOFJlOHN2aU0ydnlTcDg0WkJYaHlYdXNuZHhmNnNRT2EwR2xLWGRiQ0thMDZPd2s5bWV2RWFhYlotN2lMVGY3Q1dsRjBrOWhMSVlZazh4bzN4dmZCR01yNU1nOTAtaFgycVlUeTBtMEtMbVV3WjROZGJoRTBVQQ?oc=5,Fed不想再幫市場擦屁股？財經專家看華許首次FOMC會議：可能顛覆多年慣例 Yahoo新聞,Fed OR 聯準會 OR 降息 OR 通膨 OR 美債
GoogleNewsRSS,總經,歐元區5月通膨升至3.2% 歐央行下週估將升息- 新聞 - MoneyDJ,Google News,"Wed, 03 Jun 2026 06:20:00 GMT",https://news.google.com/rss/articles/CBMikgFBVV95cUxQY3RYNlZHRmlzQkhpZWg4eTVfSTkwRjFlYjZXM01MYk5EcDcwd0FwS0ZfQnQ5Vzh1T3VkT0puVmJpRV9PX2JHTkREMVY2RzBYT3RCNGlqWVhfcmJab3dXVUxmYzFKb0JlTmZZSlcweUxmT0IyVDB3WXRtTzVSNGZ3cVJsZy1pUDY1STdVTTJoV0IxUQ?oc=5,歐元區5月通膨升至3.2% 歐央行下週估將升息- 新聞 MoneyDJ,Fed OR 聯準會 OR 降息 OR 通膨 OR 美債
GoogleNewsRSS,總經,華許改革聯準會第一槍？首封內部信暗示政策轉向保守派顧問團引發關注- 國際 - 工商時報,Google News,"Wed, 03 Jun 2026 01:29:00 GMT",https://news.google.com/rss/articles/CBMiX0FVX3lxTFBLME01NU9XbG9sekU1Y01UZmFqN2x1b05kWm1SQWNaTUpSdFVjSVBsenVWYlEwcVBZRGtBWHpubVFLYURHM015Q1dyc3daZ3VYZFJsVFJWXy1XUG52YzlB?oc=5,華許改革聯準會第一槍？首封內部信暗示政策轉向保守派顧問團引發關注- 國際 工商時報,Fed OR 聯準會 OR 降息 OR 通膨 OR 美債
GoogleNewsRSS,總經,伊朗通膨飆新高 貨幣貶值民眾叫苦連天 - 中央社 CNA,Google News,"Wed, 03 Jun 2026 09:34:58 GMT",https://news.google.com/rss/articles/CBMiU0FVX3lxTE50QlJXWTFROWVCSzdCcG1pZjNrUmRVRE9XSlhSal92am9iSElGaG8tLTYweWY4RGdhbFI2SFpPNkhVczJqcGNELU9NdlBUd3hrM3Vv?oc=5,伊朗通膨飆新高 貨幣貶值民眾叫苦連天 中央社 CNA,Fed OR 聯準會 OR 降息 OR 通膨 OR 美債
GoogleNewsRSS,總經,瑞銀提2大因素 預期Fed年底前可能釋出降息訊號 - TVBS新聞網,Google News,"Wed, 03 Jun 2026 09:20:00 GMT",https://news.google.com/rss/articles/CBMiTkFVX3lxTE1RYW82X19rb2ZWSEItOG96VkRnVEFQeG5tVDZyQjFBaFdXUDhXSUtueGNsZWhiOFV1OFZLWnN0WFlIRWI3a3RFMzBmOFlTUQ?oc=5,瑞銀提2大因素 預期Fed年底前可能釋出降息訊號 TVBS新聞網,Fed OR 聯準會 OR 降息 OR 通膨 OR 美債
GoogleNewsRSS,總經,更大的「晶片通膨」將至！恐蔓延至更廣泛經濟領域 - 自由財經,Google News,"Wed, 03 Jun 2026 12:53:28 GMT",https://news.google.com/rss/articles/CBMiX0FVX3lxTFBMNWpXM2FiSC1UNTg4YTFlU3ozdWl3bVpkZ3F3c2htaFFCSUd6WnBNOVlmbXEwR2Q5dmJlWWlIc2czSGp1LXlCeXhwUUs2T3daNmM0SW1LOXN0TTR6bkl30gFkQVVfeXFMTUExaE9VSEFlVkE4TDRRX2t4SWt3NnhOVXNSXzdSVEwzNkRBZ2N3cUFUelV1cVlXZ2V4N3Nqa0tITDVfRlNrVVBycy1ERXdMY2ROaXVfblFRaUxKbmN0bTRGWXg1Xw?oc=5,更大的「晶片通膨」將至！恐蔓延至更廣泛經濟領域 自由財經,Fed OR 聯準會 OR 降息 OR 通膨 OR 美債
GoogleNewsRSS,總經,比特幣續寫抗通膨承諾沒兌現的「黑歷史」 投資邏輯面臨衝擊 | 國際焦點 | 國際 - 經濟日報,Google News,"Wed, 03 Jun 2026 11:38:26 GMT",https://news.google.com/rss/articles/CBMiWkFVX3lxTFBZR29WMUlGdnpBLXVqSEZqRHVXbnFhOGd1ZDUzc0Ftc293MjV1ZFdJbDh1c2pGMnc5WlJpVkc1LTktTTc2T01oU0FNSVdROXdtWjlEUnRLMmlFZw?oc=5,比特幣續寫抗通膨承諾沒兌現的「黑歷史」 投資邏輯面臨衝擊 | 國際焦點 | 國際 經濟日報,Fed OR 聯準會 OR 降息 OR 通膨 OR 美債
GoogleNewsRSS,總經,黃金正式超越美債！全球央行儲備格局迎30年來最大轉折 - capitalfutures.com.tw,Google News,"Wed, 03 Jun 2026 09:01:03 GMT",https://news.google.com/rss/articles/CBMioAFBVV95cUxOemV2UGFubEVIWnp4Q0thRzlsZ3V3aS14cnFibWRWS3VER1VSV3VwcHBvOWVGZy1id1pSN19KOWdrZEduWjFmWjV2UGFjcVZHalllLVVYNEM3Q3ZPTC1FOUZlM0tXemNMT2xQNHcyN0tRd1JGVW9VN3hjZHpVZmUxR1NKNlRzOTdQbmFCYXhKZngwVEhLdDlnSDBfTG5Rcnpt?oc=5,黃金正式超越美債！全球央行儲備格局迎30年來最大轉折 capitalfutures.com.tw,Fed OR 聯準會 OR 降息 OR 通膨 OR 美債
GoogleNewsRSS,總經,美國 5 月 ADP 就業超預期大增 12.2 萬人！Fed 降息預期再受挫 - 動區動趨,Google News,"Wed, 03 Jun 2026 12:38:16 GMT",https://news.google.com/rss/articles/CBMie0FVX3lxTE5HSGg1M1d1bk5zUjlQbHBnVGhjNVk3OGhnZFRyWDZuSXgyOGpuVGtpQTA4ZEd0NFZSaHdvX3pxSlUzRThmZnFfbHh0aE5OS3phMXh5RFJwZmJOczM3TzM4VldSWjhVUmFfUDNFcG03U2JrYnFWeldXVWJNUQ?oc=5,美國 5 月 ADP 就業超預期大增 12.2 萬人！Fed 降息預期再受挫 動區動趨,Fed OR 聯準會 OR 降息 OR 通膨 OR 美債
